Name,Rating,Reviews,Category,Address,Website,Phone,Url
"Hendersonville Smiles Dentistry","4.4","233","Dentist","1002 Glenbrook Way #200, Hendersonville, TN 37075, United States","https://www.hendersonvillesmilesdentistry.com/?sc_cid=GBP%3AO%3AGP%3A854%3AOrganic_Search%3AGeneral%3Ana&_vsrefdom=organic_gbp&y_source=1_ODQ1ODI2Ni03MTUtbG9jYXRpb24ud2Vic2l0ZQ%3D%3D","+1 615-280-8027","https://www.google.com/maps/place/Hendersonville+Smiles+Dentistry/data=!4m7!3m6!1s0x886446e2a21b05ab:0x96785116f3e7fa3a!8m2!3d36.3339342!4d-86.6187363!16s%2Fg%2F11fzf6hykl!19sChIJqwUbouJGZIgROvrn8xZReJY?authuser=0&hl=en&rclk=1"
"Gallatin Smiles Dentistry","4.5","184","Dentist","923 Nashville Pike STE A, Gallatin, TN 37066, United States","https://www.gallatinsmilesdentistry.com/?sc_cid=GBP%3AO%3AGP%3A849%3AOrganic_Search%3AGeneral%3Ana&_vsrefdom=organic_gbp&y_source=1_MzQ3NzQ5My03MTUtbG9jYXRpb24ud2Vic2l0ZQ%3D%3D","+1 615-241-8022","https://www.google.com/maps/place/Gallatin+Smiles+Dentistry/data=!4m7!3m6!1s0x88643a7083185e43:0xb4a7c99e6cd2c9b6!8m2!3d36.3768295!4d-86.4697469!16s%2Fg%2F11cp7jls51!19sChIJQ14Yg3A6ZIgRtsnSbJ7Jp7Q?authuser=0&hl=en&rclk=1"
"Hermitage Modern Dentistry","4.9","278","Dentist","4730 Lebanon Pike Ste 101, Hermitage, TN 37076, United States","https://www.hermitagemoderndentistry.com/?sc_cid=GBP%3AO%3AGP%3A857%3AOrganic_Search%3AGeneral%3Ana&_vsrefdom=organic_gbp&y_source=1_MTU1NzEwNTYtNzE1LWxvY2F0aW9uLndlYnNpdGU%3D","+1 615-219-5722","https://www.google.com/maps/place/Hermitage+Modern+Dentistry/data=!4m7!3m6!1s0x886441de4cc96267:0xbbebb7611bbffa1d!8m2!3d36.2153376!4d-86.5916585!16s%2Fg%2F11nmt7phr3!19sChIJZ2LJTN5BZIgRHfq_G2G367s?authuser=0&hl=en&rclk=1"
"Smiles Up Dentistry","4.9","355","Dentist","1916 Patterson St Suite 712, Nashville, TN 37203, United States","http://nashvillesmilesup.com/","+1 615-678-8965","https://www.google.com/maps/place/Smiles+Up+Dentistry/data=!4m7!3m6!1s0x886467b0f1c56357:0x2f4b69ac87b478ed!8m2!3d36.1558065!4d-86.8018296!16s%2Fg%2F11k77bgqjf!19sChIJV2PF8bBnZIgR7Xi0h6xpSy8?authuser=0&hl=en&rclk=1"
"East Nashville Family Dentistry","4.5","221","Dentist","1214 Gallatin Ave Suite 115, Nashville, TN 37206, United States","https://enfdentistry.com/","+1 615-610-1680","https://www.google.com/maps/place/East+Nashville+Family+Dentistry/data=!4m7!3m6!1s0x886467202ee860ad:0xe604ffb3e6d875a4!8m2!3d36.1916961!4d-86.7453231!16s%2Fg%2F11hdr97zyd!19sChIJrWDoLiBnZIgRpHXY5rP_BOY?authuser=0&hl=en&rclk=1"
"Smyrna Modern Dentistry","4.1","340","Dentist","160 Movie Row, Smyrna, TN 37167, United States","https://www.smyrnamoderndentistry.com/?sc_cid=GBP%3AO%3AGP%3A844%3AOrganic_Search%3AGeneral%3Ana&_vsrefdom=organic_gbp&y_source=1_MjY2MDkzNi03MTUtbG9jYXRpb24ud2Vic2l0ZQ%3D%3D","+1 615-930-9606","https://www.google.com/maps/place/Smyrna+Modern+Dentistry/data=!4m7!3m6!1s0x88640cc14f47ba75:0x22adba11883f770e!8m2!3d35.979609!4d-86.56521!16s%2Fg%2F11bw65sgcf!19sChIJdbpHT8EMZIgRDnc_iBG6rSI?authuser=0&hl=en&rclk=1"
"Hendersonville Family Dentistry LLC","4.9","1,931","Dentist","230 New Shackle Island Rd STE 170, Hendersonville, TN 37075, United States","https://www.hendersonvillefamilydentistry.com/","+1 615-822-8262","https://www.google.com/maps/place/Hendersonville+Family+Dentistry+LLC/data=!4m7!3m6!1s0x886446decc4e2521:0x537d08fc2abbf368!8m2!3d36.3191133!4d-86.6235315!16s%2Fg%2F1tls3ksj!19sChIJISVOzN5GZIgRaPO7KvwIfVM?authuser=0&hl=en&rclk=1"
"Family & Cosmetic Dentistry Of Smyrna","4.9","301","Dentist","780 Nissan Dr, Smyrna, TN 37167, United States","https://www.smyrnasmiles.com/","+1 615-355-1062","https://www.google.com/maps/place/Family+%26+Cosmetic+Dentistry+Of+Smyrna/data=!4m7!3m6!1s0x88640e98eef654ab:0xd44bd5825baf4d60!8m2!3d35.9748594!4d-86.4930721!16s%2Fg%2F1tkc2vfl!19sChIJq1T27pgOZIgRYE2vW4LVS9Q?authuser=0&hl=en&rclk=1"
"Mt. Juliet Modern Dentistry","4.8","79","Dentist","600 S Mt Juliet Rd Ste #3, Mt. Juliet, TN 37122, United States","https://www.mtjulietmoderndentistry.com/?sc_cid=GBP%3AO%3AGP%3A1033%3AOrganic_Search%3AGeneral%3Ana&_vsrefdom=organic_gbp&y_source=1_MzA5ODg2MzEtNzE1LWxvY2F0aW9uLndlYnNpdGU%3D","+1 615-716-1653","https://www.google.com/maps/place/Mt.+Juliet+Modern+Dentistry/data=!4m7!3m6!1s0x886415eccf6419b1:0x820aea0286895dbc!8m2!3d36.1634212!4d-86.5156114!16s%2Fg%2F11t9nr_cy3!19sChIJsRlkz-wVZIgRvF2JhgLqCoI?authuser=0&hl=en&rclk=1"
"West Nashville Smiles Dentistry","4.5","29","Dentist","6700 Charlotte Pike Ste #103, Nashville, TN 37209, United States","https://www.westnashvillesmilesdentistry.com/?sc_cid=GBP%3AO%3AGP%3A935%3AOrganic_Search%3AGeneral%3Ana&_vsrefdom=organic_gbp&y_source=1_MzQ3OTcxODktNzE1LWxvY2F0aW9uLndlYnNpdGU%3D","+1 615-617-5420","https://www.google.com/maps/place/West+Nashville+Smiles+Dentistry/data=!4m7!3m6!1s0x886461ecee492f29:0xfdce563af3fdea9!8m2!3d36.1369714!4d-86.8839574!16s%2Fg%2F11k9ryvzjk!19sChIJKS9J7uxhZIgRqd4_r2Pl3A8?authuser=0&hl=en&rclk=1"
"Nashville Dental Center","4.5","593","Dentist","3754 Nolensville Pk, Nashville, TN 37211, United States","https://www.nashvilledc.net/","+1 615-331-2483","https://www.google.com/maps/place/Nashville+Dental+Center/data=!4m7!3m6!1s0x88646f78468fffff:0x44356d99786593b4!8m2!3d36.0903551!4d-86.7331503!16s%2Fg%2F1tjwjg_4!19sChIJ__-PRnhvZIgRtJNleJltNUQ?authuser=0&hl=en&rclk=1"
"Brite Smilez Cosmetic & Family Dentistry","4.6","250","Dentist","5245 Hickory Hollow Pkwy, Antioch, TN 37013, United States","https://www.britesmilezdental.com/","+1 615-866-9109","https://www.google.com/maps/place/Brite+Smilez+Cosmetic+%26+Family+Dentistry/data=!4m7!3m6!1s0x88646e41dc759efd:0xed3893c4a5fd39ad!8m2!3d36.0475899!4d-86.6575492!16s%2Fg%2F1tklr8sn!19sChIJ_Z513EFuZIgRrTn9pcSTOO0?authuser=0&hl=en&rclk=1"
"Dentistry of Nashville","4.9","858","Dentist","2125 Blakemore Ave, Nashville, TN 37212, United States","https://dentistryofnashville.com/","+1 615-383-3690","https://www.google.com/maps/place/Dentistry+of+Nashville/data=!4m7!3m6!1s0x886466a1dd900c65:0x7250f245391794d6!8m2!3d36.137544!4d-86.803203!16s%2Fg%2F1hc0ybk2x!19sChIJZQyQ3aFmZIgR1pQXOUXyUHI?authuser=0&hl=en&rclk=1"
"Nolensville Smiles Dentistry","4.6","28","Dentist","197 Burkitt Commons Ave, Nolensville, TN 37135, United States","https://www.nolensvillesmilesdentistry.com/?sc_cid=GBP%3AO%3AGP%3A310%3AOrganic_Search%3AGeneral%3Ana&_vsrefdom=organic_gbp&y_source=1_NDc4NzU3MzEtNzE1LWxvY2F0aW9uLndlYnNpdGU%3D","+1 615-257-5699","https://www.google.com/maps/place/Nolensville+Smiles+Dentistry/data=!4m7!3m6!1s0x886471b1dea531ff:0xb3489c786f04f2b2!8m2!3d35.9909308!4d-86.6825147!16s%2Fg%2F11txnyg6mn!19sChIJ_zGl3rFxZIgRsvIEb3icSLM?authuser=0&hl=en&rclk=1"
"Goodlettsville Smiles","5.0","742","Dentist","3050 Business Park Cir #100, Goodlettsville, TN 37072, United States","https://www.goodlettsvillesmiles.com/","+1 615-859-0188","https://www.google.com/maps/place/Goodlettsville+Smiles/data=!4m7!3m6!1s0x8864450672638f97:0x820c36013ab8353f!8m2!3d36.3323175!4d-86.7031236!16s%2Fg%2F11gk_mg2yx!19sChIJl49jcgZFZIgRPzW4OgE2DII?authuser=0&hl=en&rclk=1"
"Roach Family Dentistry & Associates","4.6","361","Dentist","3824 Bedford Ave, Nashville, TN 37215, United States","https://www.greenhillsdentist.net/","+1 615-499-5608","https://www.google.com/maps/place/Roach+Family+Dentistry+%26+Associates/data=!4m7!3m6!1s0x88646475c7507285:0x2a00c25961537ddd!8m2!3d36.1074885!4d-86.8205619!16s%2Fg%2F1tj5lx29!19sChIJhXJQx3VkZIgR3X1TYVnCACo?authuser=0&hl=en&rclk=1"
"West Meade Dental","4.8","410","Dentist","6606 Charlotte Pike #102, Nashville, TN 37209, United States","http://westmeadedental.com/","+1 615-861-2241","https://www.google.com/maps/place/West+Meade+Dental/data=!4m7!3m6!1s0x8864618b258ce91d:0xdbabab4ad64ed733!8m2!3d36.1388314!4d-86.8817102!16s%2Fg%2F1jkw3415t!19sChIJHemMJYthZIgRM9dO1kqrq9s?authuser=0&hl=en&rclk=1"
"Indian Lake Family Dental","4.9","913","Dentist","299A Indian Lake Blvd, Hendersonville, TN 37075, United States","http://indianlakefamilydental.com/?utm_source=gbp&utm_medium=organic&utm_campaign=yext_listing","+1 615-824-2926","https://www.google.com/maps/place/Indian+Lake+Family+Dental/data=!4m7!3m6!1s0x886440b69ce73995:0x3d7665ac50dbb54f!8m2!3d36.3292045!4d-86.5943679!16s%2Fg%2F1td48qbh!19sChIJlTnnnLZAZIgRT7XbUKxldj0?authuser=0&hl=en&rclk=1"
"Mt. Juliet Family & Cosmetic Dentistry","5.0","628","Dentist","40 W Caldwell St, Mt. Juliet, TN 37122, United States","https://www.dentistmtjuliettn.com/","+1 615-754-5840","https://www.google.com/maps/place/Mt.+Juliet+Family+%26+Cosmetic+Dentistry/data=!4m7!3m6!1s0x8864158ef6136d8d:0x8acec2066f42875b!8m2!3d36.2029691!4d-86.5188345!16s%2Fg%2F1tdfzgbb!19sChIJjW0T9o4VZIgRW4dCbwbCzoo?authuser=0&hl=en&rclk=1"
"Belle Meade Family Dentistry","4.9","733","Dentist","104 Kenner Ave #101, Nashville, TN 37205, United States","https://www.bellemeadedental.com/","+1 615-298-2030","https://www.google.com/maps/place/Belle+Meade+Family+Dentistry/data=!4m7!3m6!1s0x886463dcc2b37c7d:0x980ef83f63fbf233!8m2!3d36.1252403!4d-86.8453369!16s%2Fg%2F1td2653q!19sChIJfXyzwtxjZIgRM_L7Yz_4Dpg?authuser=0&hl=en&rclk=1"
"Nashville Family Dentistry","4.8","277","Dental clinic","5802 Nolensville Pk, Nashville, TN 37211, United States","https://familydentistrynashville.com/","+1 615-832-5899","https://www.google.com/maps/place/Nashville+Family+Dentistry/data=!4m7!3m6!1s0x88647027f5c287fb:0x8c6f76f542387fd3!8m2!3d36.044314!4d-86.7124118!16s%2Fg%2F1tdd1f51!19sChIJ-4fC9SdwZIgR0384QvV2b4w?authuser=0&hl=en&rclk=1"
"Hermitage Family & Cosmetic Dentistry","4.9","144","Dentist","260 Jackson Meadows Dr #1425, Hermitage, TN 37076, United States","https://hermitagefamilycosmetic.com/","+1 615-872-7762","https://www.google.com/maps/place/Hermitage+Family+%26+Cosmetic+Dentistry/data=!4m7!3m6!1s0x8864401f5f94a963:0xe05f0c1184fa56e!8m2!3d36.2191738!4d-86.6004333!16s%2Fg%2F1w0p6c9p!19sChIJY6mUXx9AZIgRbqVPGMHwBQ4?authuser=0&hl=en&rclk=1"
"Embassy Dental (Nashville)","4.4","397","Dental clinic","1921 21st Ave S, Nashville, TN 37212, United States","https://embassydental.com/locations/hillsboro/","+1 615-383-0670","https://www.google.com/maps/place/Embassy+Dental+%28Nashville%29/data=!4m7!3m6!1s0x8864669ffa735c8d:0x1ccb3929eab88e85!8m2!3d36.1343802!4d-86.8015401!16s%2Fg%2F1tfc2rqr!19sChIJjVxz-p9mZIgRhY646ik5yxw?authuser=0&hl=en&rclk=1"
"Iroquois Family Dentistry","5.0","833","Dentist","5115 Harding Pike Ste 101, Nashville, TN 37205, United States","https://www.ifdnashville.com/","+1 615-298-2040","https://www.google.com/maps/place/Iroquois+Family+Dentistry/data=!4m7!3m6!1s0x886463dcdd493741:0xb1d7f062053187a6!8m2!3d36.1043153!4d-86.8687329!16s%2Fg%2F11f9j8gbkj!19sChIJQTdJ3dxjZIgRpocxBWLw17E?authuser=0&hl=en&rclk=1"
"Music City Dental","4.9","457","Dentist","808 Kirkwood Ave, Nashville, TN 37204, United States","https://www.musiccitydental.com/","+1 615-953-2469","https://www.google.com/maps/place/Music+City+Dental/data=!4m7!3m6!1s0x886465d142fe8c85:0xb87622e4690fd8e2!8m2!3d36.1215284!4d-86.7765328!16s%2Fg%2F12hp45wpr!19sChIJhYz-QtFlZIgR4tgPaeQidrg?authuser=0&hl=en&rclk=1"
"East Side Smiles","4.9","312","Dentist","7 N 10th St, Nashville, TN 37206, United States","https://www.eastsidesmiles.net/","+1 615-227-2400","https://www.google.com/maps/place/East+Side+Smiles/data=!4m7!3m6!1s0x886467d27f899753:0x819301f4c8fbf39c!8m2!3d36.1786291!4d-86.7516534!16s%2Fg%2F1tc_4v3c!19sChIJU5eJf9JnZIgRnPP7yPQBk4E?authuser=0&hl=en&rclk=1"
"Cane Ridge Dentist","4.7","1,231","Dentist","1315 Bell Rd, Antioch, TN 37013, United States","http://caneridgedentist.com/?utm_source=gbp&utm_medium=organic&utm_campaign=yext_listing","+1 615-717-0507","https://www.google.com/maps/place/Cane+Ridge+Dentist/data=!4m7!3m6!1s0x88646e1c22593893:0x3b7d2f7f660e61a8!8m2!3d36.046664!4d-86.676189!16s%2Fg%2F1tftg11c!19sChIJkzhZIhxuZIgRqGEOZn8vfTs?authuser=0&hl=en&rclk=1"
"Oak Hill Family Dentistry PLLC","5.0","8","Dentist","5544 Franklin Pike STE 102, Nashville, TN 37220, United States","http://www.ohfdentistry.com/","+1 615-373-0642","https://www.google.com/maps/place/Oak+Hill+Family+Dentistry+PLLC/data=!4m7!3m6!1s0x88647b2a14b2a08f:0x9b67604ea7f44215!8m2!3d36.0422571!4d-86.7828327!16s%2Fg%2F11cmhdmqjh!19sChIJj6CyFCp7ZIgRFUL0p05gZ5s?authuser=0&hl=en&rclk=1"
"Sunny Smiles Family Dentistry: Sunny Bant, DDS","4.9","586","Dentist","3913 Lebanon Pike, Hermitage, TN 37076, United States","http://sunnysmilesfamilydentistry.com/","+1 615-505-1111","https://www.google.com/maps/place/Sunny+Smiles+Family+Dentistry:+Sunny+Bant,+DDS/data=!4m7!3m6!1s0x88646a600b826f79:0x1e64dfcffe4c551c!8m2!3d36.1946081!4d-86.6217194!16s%2Fg%2F11fy2l8g8z!19sChIJeW-CC2BqZIgRHFVM_s_fZB4?authuser=0&hl=en&rclk=1"
"Nolensville Family Dentistry","4.9","139","Dentist","7171 Nolensville Rd #102, Nolensville, TN 37135, United States","","+1 615-891-4223","https://www.google.com/maps/place/Nolensville+Family+Dentistry/data=!4m7!3m6!1s0x88647146240ee011:0xa68b19fa65e0a22b!8m2!3d35.9679572!4d-86.6778756!16s%2Fg%2F11bwnd3t5l!19sChIJEeAOJEZxZIgRK6LgZfoZi6Y?authuser=0&hl=en&rclk=1"
"Cool Springs Family Dentistry, PLLC","5.0","149","Dentist","8113 Moores Ln Suite 2100, Brentwood, TN 37027, United States","http://www.coolspringsdentistry.com/","+1 615-942-7811","https://www.google.com/maps/place/Cool+Springs+Family+Dentistry,+PLLC/data=!4m7!3m6!1s0x88647bdde17e191f:0xf6b37c49604367ad!8m2!3d35.965267!4d-86.801285!16s%2Fg%2F1tl0y23r!19sChIJHxl-4d17ZIgRrWdDYEl8s_Y?authuser=0&hl=en&rclk=1"
"Sullivan Family Dentistry","5.0","268","Dentist","2000 Richard Jones Rd # 107, Nashville, TN 37215, United States","https://www.sullivanfamilydentists.com/","+1 615-298-1651","https://www.google.com/maps/place/Sullivan+Family+Dentistry/data=!4m7!3m6!1s0x8864646e59ac36ef:0xdf9a29f8e5f72fee!8m2!3d36.1048926!4d-86.8096533!16s%2Fg%2F11dfj6l54f!19sChIJ7zasWW5kZIgR7i_35fgpmt8?authuser=0&hl=en&rclk=1"
"Sylvan Park Smiles Dentistry","4.2","114","Dentist","4502 Charlotte Pike, Nashville, TN 37209, United States","https://www.sylvanparksmilesdentistry.com/?sc_cid=GBP%3AO%3AGP%3A863%3AOrganic_Search%3AGeneral%3Ana&_vsrefdom=organic_gbp&y_source=1_MTM1NDU1ODMtNzE1LWxvY2F0aW9uLndlYnNpdGU%3D","+1 615-647-8421","https://www.google.com/maps/place/Sylvan+Park+Smiles+Dentistry/data=!4m7!3m6!1s0x8864616b91d7b597:0xa44691ec6da391f!8m2!3d36.152367!4d-86.8413335!16s%2Fg%2F11h7rr56wm!19sChIJl7XXkWthZIgRHznaxh5pRAo?authuser=0&hl=en&rclk=1"
"Lignum Dental","4.9","251","Dentist","5295 Murfreesboro Rd, La Vergne, TN 37086, United States","https://www.lignumdental.com/","+1 615-930-0380","https://www.google.com/maps/place/Lignum+Dental/data=!4m7!3m6!1s0x88640d1303174645:0x3a39be1d6e81f141!8m2!3d36.0178985!4d-86.565361!16s%2Fg%2F11qq6bkz0v!19sChIJRUYXAxMNZIgRQfGBbh2-OTo?authuser=0&hl=en&rclk=1"
"South Grove Family Dentistry","4.9","409","Dentist","6688 Nolensville Pk Suite 104, Brentwood, TN 37027, United States","https://www.southgrovedental.com/?utm_source=google.com&utm_medium=business+profile&utm_campaign=","+1 615-645-0463","https://www.google.com/maps/place/South+Grove+Family+Dentistry/data=!4m7!3m6!1s0x886471a81ef5f9d3:0x3b418b0897f9bc50!8m2!3d36.0005459!4d-86.6923972!16s%2Fg%2F11b6njmb0p!19sChIJ0_n1HqhxZIgRULz5lwiLQTs?authuser=0&hl=en&rclk=1"
"MidTN Dentistry","4.7","231","Dentist","741 President Pl STE 120, Smyrna, TN 37167, United States","https://mymidtndentistry.com/","+1 615-220-6990","https://www.google.com/maps/place/MidTN+Dentistry/data=!4m7!3m6!1s0x88640cea7d985e0b:0x872ae8dabcd2eb57!8m2!3d35.9776697!4d-86.5598211!16s%2Fg%2F1tgfxc46!19sChIJC16YfeoMZIgRV-vSvNroKoc?authuser=0&hl=en&rclk=1"
"Hermitage Cosmetic and Implant Dentistry","5.0","1,222","Dentist","4251 Lebanon Pike, Hermitage, TN 37076, United States","https://www.hcidentistry.com/","+1 615-889-5545","https://www.google.com/maps/place/Hermitage+Cosmetic+and+Implant+Dentistry/data=!4m7!3m6!1s0x88646a8f5dcf7497:0xf93d3e0a761e3b10!8m2!3d36.2042373!4d-86.6146311!16s%2Fg%2F1w97w393!19sChIJl3TPXY9qZIgREDsedgo-Pfk?authuser=0&hl=en&rclk=1"
"Tabor Dental Associates","5.0","600","Dentist","107 Maple Row Blvd, Hendersonville, TN 37075, United States","https://smilesthatrock.com/?utm_source=hendersonville-tn-listing&utm_medium=gmb&utm_campaign=seo&utm_content=website-link","+1 615-822-3200","https://www.google.com/maps/place/Tabor+Dental+Associates/data=!4m7!3m6!1s0x88644749db4f799d:0xcccef39575b3dc12!8m2!3d36.3087921!4d-86.6000948!16s%2Fg%2F1tg_xtvl!19sChIJnXlP20lHZIgREtyzdZXzzsw?authuser=0&hl=en&rclk=1"
"Sumner Dental Group - Dentist Gallatin","4.9","769","Dentist","200 S Westland Ave #1, Gallatin, TN 37066, United States","https://sumnerdentalgroup.com/","+1 615-257-3133","https://www.google.com/maps/place/Sumner+Dental+Group+-+Dentist+Gallatin/data=!4m7!3m6!1s0x8864300be5f1718b:0x4f52cd7b422b4834!8m2!3d36.3896074!4d-86.4374012!16s%2Fg%2F1tcw4b_1!19sChIJi3Hx5QswZIgRNEgrQnvNUk8?authuser=0&hl=en&rclk=1"
"Devine Dentistry","5.0","380","Cosmetic dentist","4219 Hillsboro Pike # 105, Nashville, TN 37215, United States","http://devinedentistry.com/?utm_source=gbp&utm_medium=organic&utm_campaign=yext_listing","+1 615-269-4209","https://www.google.com/maps/place/Devine+Dentistry/data=!4m7!3m6!1s0x886464784aa20eab:0x210c86353537740c!8m2!3d36.100239!4d-86.820191!16s%2Fg%2F1tcw4c07!19sChIJqw6iSnhkZIgRDHQ3NTWGDCE?authuser=0&hl=en&rclk=1"
"Schmidle Family Dentistry","4.9","622","Dentist","313A Bluebird Dr, Goodlettsville, TN 37072, United States","https://schmidlefamilydentistry.com/","+1 615-859-1910","https://www.google.com/maps/place/Schmidle+Family+Dentistry/data=!4m7!3m6!1s0x8864437f3fb8ccad:0xfcc0c216e453359a!8m2!3d36.3003202!4d-86.7028406!16s%2Fg%2F11cr_0wgw0!19sChIJrcy4P39DZIgRmjVT5BbCwPw?authuser=0&hl=en&rclk=1"
"Serenity Dental","4.8","161","Dentist","1030 W Main St, Lebanon, TN 37087, United States","http://www.drlarkins.com/","+1 615-444-3932","https://www.google.com/maps/place/Serenity+Dental/data=!4m7!3m6!1s0x886421e74c632807:0x8125c97cc16d3a3d!8m2!3d36.2113998!4d-86.3163098!16s%2Fg%2F1tdmfm99!19sChIJByhjTOchZIgRPTptwXzJJYE?authuser=0&hl=en&rclk=1"
"West End Smiles","4.6","35","Dentist","1800 West End Ave UNIT 102, Nashville, TN 37203, United States","http://www.westendsmiles.com/","+1 615-327-4904","https://www.google.com/maps/place/West+End+Smiles/data=!4m7!3m6!1s0x886466b02efb7ba7:0xa5c7b0eed050fe9b!8m2!3d36.1530439!4d-86.7962921!16s%2Fg%2F1tfrsnm0!19sChIJp3v7LrBmZIgRm_5Q0O6wx6U?authuser=0&hl=en&rclk=1"
"Nashville Dentistry Co.","4.9","354","Dentist","211 Franklin Rd Suite 180, Brentwood, TN 37027, United States","https://www.nashvilledentistryco.com/","+1 615-703-8309","https://www.google.com/maps/place/Nashville+Dentistry+Co./data=!4m7!3m6!1s0x88647b24536e55ad:0x239b989d9a838bee!8m2!3d36.0323671!4d-86.7907234!16s%2Fg%2F11dfjx1n5r!19sChIJrVVuUyR7ZIgR7ouDmp2YmyM?authuser=0&hl=en&rclk=1"
"Dental Design Studios LLC","4.9","517","Dentist","145 Thompson Ln, Nashville, TN 37211, United States","http://dentaldesignstudiosllc.com/","+1 615-432-2388","https://www.google.com/maps/place/Dental+Design+Studios+LLC/data=!4m7!3m6!1s0x88646fbf6bb91bcd:0x51479d5b2cf8fc5c!8m2!3d36.109891!4d-86.7377817!16s%2Fg%2F1q5hrm92h!19sChIJzRu5a79vZIgRXPz4LFudR1E?authuser=0&hl=en&rclk=1"
"Martin Dental Studio: Thomas Martin, DDS","4.9","142","Dentist","505 Myatt Dr, Nashville, TN 37115, United States","https://www.martindentalstudiotn.com/","+1 615-865-2260","https://www.google.com/maps/place/Martin+Dental+Studio:+Thomas+Martin,+DDS/data=!4m7!3m6!1s0x886443bcdb99d423:0xc8037e276b103a25!8m2!3d36.2793941!4d-86.6904373!16s%2Fg%2F1tdm91g2!19sChIJI9SZ27xDZIgRJToQayd-A8g?authuser=0&hl=en&rclk=1"
"Dr. Hecklin: Family & Cosmetic Dentistry","5.0","155","Dentist","5606 Brookwood Pl, Nashville, TN 37205, United States","https://www.drhecklin.com/","+1 615-356-7500","https://www.google.com/maps/place/Dr.+Hecklin:+Family+%26+Cosmetic+Dentistry/data=!4m7!3m6!1s0x886463d44ba46543:0xd537fb102efd941f!8m2!3d36.1321514!4d-86.8586344!16s%2Fg%2F1vppt7r8!19sChIJQ2WkS9RjZIgRH5T9LhD7N9U?authuser=0&hl=en&rclk=1"
"Nashville Cosmetic and Implant Dentistry","4.8","198","Dentist","2828 Bransford Ave, Nashville, TN 37204, United States","https://www.bionicteeth.com/","+1 615-297-5577","https://www.google.com/maps/place/Nashville+Cosmetic+and+Implant+Dentistry/data=!4m7!3m6!1s0x886465c0d425c16d:0xc7dcbd2da02b25ae!8m2!3d36.1135441!4d-86.7664332!16s%2Fg%2F1tvm3hhp!19sChIJbcEl1MBlZIgRriUroC293Mc?authuser=0&hl=en&rclk=1"
"Ideal Dental Smyrna","4.8","225","Dentist","574 Sam Ridley Pkwy W, Smyrna, TN 37167, United States","https://www.myidealdental.com/smyrna/","+1 615-488-1151","https://www.google.com/maps/place/Ideal+Dental+Smyrna/data=!4m7!3m6!1s0x88640de652ff8687:0x78ae26ab3d683491!8m2!3d35.980754!4d-86.5601125!16s%2Fg%2F11s87tw8nd!19sChIJh4b_UuYNZIgRkTRoPasmrng?authuser=0&hl=en&rclk=1"
"Bivens Dentistry","4.7","39","Dental clinic","660 S Mt Juliet Rd ste 200, Mt. Juliet, TN 37122, United States","http://www.bivensdentistry.com/","+1 615-773-8882","https://www.google.com/maps/place/Bivens+Dentistry/data=!4m7!3m6!1s0x886415cf90d142f3:0x7c2aa5e5c670009c!8m2!3d36.1607728!4d-86.5160772!16s%2Fg%2F1vzqs_90!19sChIJ80LRkM8VZIgRnABwxuWlKnw?authuser=0&hl=en&rclk=1"
"Daily Dental Belle Meade","4.4","71","Dentist","105 Heady Dr, Nashville, TN 37205, United States","https://www.daily.dental/","+1 615-352-6684","https://www.google.com/maps/place/Daily+Dental+Belle+Meade/data=!4m7!3m6!1s0x8864631caf9c5ec1:0x7ab95d0840ee7f2e!8m2!3d36.0984102!4d-86.8715809!16s%2Fg%2F11gmxb4v76!19sChIJwV6crxxjZIgRLn_uQAhduXo?authuser=0&hl=en&rclk=1"
"Carlin Dental","4.9","31","Dentist","100 Springhouse Ct #130, Hendersonville, TN 37075, United States","https://www.carlindental.com/locations/hendersonville-office","+1 615-431-2723","https://www.google.com/maps/place/Carlin+Dental/data=!4m7!3m6!1s0x88644747bc400e43:0x203262ae6a2375d8!8m2!3d36.3141655!4d-86.5988371!16s%2Fg%2F1tf08d4h!19sChIJQw5AvEdHZIgR2HUjaq5iMiA?authuser=0&hl=en&rclk=1"
"Dentists of Bellevue","4.3","112","Dentist","8131 Sawyer Brown Rd Ste 501, Nashville, TN 37221, United States","https://www.dentistsofbellevue.com/?sc_cid=GBP%3AO%3AGP%3A853%3AOrganic_Search%3AGeneral%3Ana&_vsrefdom=organic_gbp&y_source=1_OTAyOTA2OS03MTUtbG9jYXRpb24ud2Vic2l0ZQ%3D%3D","+1 615-933-1981","https://www.google.com/maps/place/Dentists+of+Bellevue/data=!4m7!3m6!1s0x886488f630b62bef:0xe92fe5edba764692!8m2!3d36.080656!4d-86.9476498!16s%2Fg%2F11f4ldmt6l!19sChIJ7yu2MPaIZIgRkkZ2uu3lL-k?authuser=0&hl=en&rclk=1"
"Fairview Family Dentistry","4.9","55","Dentist","7022 City Center Way, Fairview, TN 37062, United States","http://www.fairviewfamilydentistrytn.com/","+1 615-266-2645","https://www.google.com/maps/place/Fairview+Family+Dentistry/data=!4m7!3m6!1s0x88649bf6e7e3c6db:0x8ac4cbfee35e8946!8m2!3d35.973994!4d-87.1307905!16s%2Fg%2F11cs4l8v84!19sChIJ28bj5_abZIgRRole4_7LxIo?authuser=0&hl=en&rclk=1"
"Porter Dentistry, Chad Porter DDS & Tonia Porter DDS","4.9","532","Dentist","1633 W Main St Suite 200, Lebanon, TN 37087, United States","https://www.porterdentistryllc.com/","+1 615-449-3222","https://www.google.com/maps/place/Porter+Dentistry,+Chad+Porter+DDS+%26+Tonia+Porter+DDS/data=!4m7!3m6!1s0x8864221ced908b7d:0x10bc553cdf6d845b!8m2!3d36.2212524!4d-86.3407796!16s%2Fg%2F1hhx6w5lg!19sChIJfYuQ7RwiZIgRW4Rt3zxVvBA?authuser=0&hl=en&rclk=1"
"Fischer Family Dentistry","4.9","696","Dentist","151 Indian Lake Blvd, Hendersonville, TN 37075, United States","http://www.fischerfamilydentistry.com/","+1 615-824-8870","https://www.google.com/maps/place/Fischer+Family+Dentistry/data=!4m7!3m6!1s0x8864473093f11df5:0x7dde447f50e71ffa!8m2!3d36.311584!4d-86.607231!16s%2Fg%2F1v5_b4x7!19sChIJ9R3xkzBHZIgR-h_nUH9E3n0?authuser=0&hl=en&rclk=1"
"Highland Family Dental: Rachel Carlson, DMD","4.9","439","Dentist","2516 TN-49 Ste. 101, Pleasant View, TN 37146, United States","https://highlanddentaltn.com/","+1 615-649-4155","https://www.google.com/maps/place/Highland+Family+Dental:+Rachel+Carlson,+DMD/data=!4m7!3m6!1s0x8864f14a4e938191:0x73817a9ebf7f11cc!8m2!3d36.394883!4d-87.0353075!16s%2Fg%2F11lky6b34c!19sChIJkYGTTkrxZIgRzBF_v556gXM?authuser=0&hl=en&rclk=1"
"Crossroads Family Dentistry","4.8","402","Dentist","4515 Harding Pike Suite 104, Nashville, TN 37205, United States","http://crossroadsdentistrytn.com/?utm_source=gbp&utm_medium=organic&utm_campaign=yext_listing","+1 615-385-2008","https://www.google.com/maps/place/Crossroads+Family+Dentistry/data=!4m7!3m6!1s0x886463c4b6f96539:0xb0e69a66c11f0dc5!8m2!3d36.1237935!4d-86.8481147!16s%2Fg%2F1tfb2qwm!19sChIJOWX5tsRjZIgRxQ0fwWaa5rA?authuser=0&hl=en&rclk=1"
"Main Street Dental","5.0","293","Dentist","100 Main St Suite 105, Portland, TN 37148, United States","http://www.mainstreetdentaltn.com/","+1 615-325-9690","https://www.google.com/maps/place/Main+Street+Dental/data=!4m7!3m6!1s0x8865cb6a0c06aa7b:0x4121ed2dbebf1717!8m2!3d36.580594!4d-86.5157861!16s%2Fg%2F1tt1tf2w!19sChIJe6oGDGrLZYgRFxe_vi3tIUE?authuser=0&hl=en&rclk=1"
"Fields Family Dentistry","5.0","355","Dentist","617 Hartsville Pike, Gallatin, TN 37066, United States","https://www.smilesbyzach.com/","+1 615-452-9696","https://www.google.com/maps/place/Fields+Family+Dentistry/data=!4m7!3m6!1s0x8864300ee6b7ee07:0x6ce85d304f3fb0f2!8m2!3d36.3904379!4d-86.4316342!16s%2Fg%2F1tgws_k6!19sChIJB-635g4wZIgR8rA_TzBd6Gw?authuser=0&hl=en&rclk=1"
"Family Dentistry Dr. Wendy JangDhari","4.3","22","Dentist","521 E Trinity Ln, Nashville, TN 37207, United States","http://drwendyfamilydentistry.wordpress.com/","+1 615-226-5250","https://www.google.com/maps/place/Family+Dentistry+Dr.+Wendy+JangDhari/data=!4m7!3m6!1s0x886467eef301e47f:0x99d009e0c87bf5de!8m2!3d36.2052665!4d-86.755269!16s%2Fg%2F1wbryj39!19sChIJf-QB8-5nZIgR3vV7yOAJ0Jk?authuser=0&hl=en&rclk=1"
"Aspen Dental - Hermitage, TN","4.0","540","Dentist","4054 Lebanon Pike, Hermitage, TN 37076, United States","https://www.aspendental.com/dentist/tn/hermitage/4054-lebanon-pike/?utm_source=googleplaces&utm_medium=lociqgoogleplaces&utm_campaign=Hermitage,TN-Hermit_TN-2132&utm_content=listing","+1 615-647-8432","https://www.google.com/maps/place/Aspen+Dental+-+Hermitage,+TN/data=!4m7!3m6!1s0x88646a8a0e82917b:0xb4847b673efe5f69!8m2!3d36.1984906!4d-86.6209209!16s%2Fg%2F11b61q14ts!19sChIJe5GCDopqZIgRaV_-Pmd7hLQ?authuser=0&hl=en&rclk=1"
"Paramount Family Dentistry","5.0","16","Dentist","112 Saundersville Rd Suite 226B, Hendersonville, TN 37075, United States","http://www.paramountfamilydentistry.com/","+1 615-447-3672","https://www.google.com/maps/place/Paramount+Family+Dentistry/data=!4m7!3m6!1s0x88644768f022a4c1:0x8f1a973cc964cd4f!8m2!3d36.3255353!4d-86.5947904!16s%2Fg%2F11b6gqrrt_!19sChIJwaQi8GhHZIgRT81kyTyXGo8?authuser=0&hl=en&rclk=1"
"Lifetime Dentistry","4.8","182","Dentist","8134 Sawyer Brown Rd, Nashville, TN 37221, United States","https://www.lifetimedentistrytn.com/","+1 615-622-7062","https://www.google.com/maps/place/Lifetime+Dentistry/data=!4m7!3m6!1s0x886488ee2648d6e5:0xce593dbc2ff38d79!8m2!3d36.0792895!4d-86.9442369!16s%2Fg%2F1td05sz6!19sChIJ5dZIJu6IZIgReY3zL7w9Wc4?authuser=0&hl=en&rclk=1"
"Tend East Nashville","4.7","248","Cosmetic dentist","962 Woodland St, Nashville, TN 37206, United States","https://www.hellotend.com/studios/nashville/east-nashville","+1 615-490-9063","https://www.google.com/maps/place/Tend+East+Nashville/data=!4m7!3m6!1s0x886467f562ea3201:0xf280bc4aba976f09!8m2!3d36.1765083!4d-86.7520477!16s%2Fg%2F11t91w3p0y!19sChIJATLqYvVnZIgRCW-Xukq8gPI?authuser=0&hl=en&rclk=1"
"Ideal Dental Gallatin","4.8","266","Dentist","207 Maharris Dr Ste G, Gallatin, TN 37066, United States","https://www.myidealdental.com/gallatin/","+1 615-442-6992","https://www.google.com/maps/place/Ideal+Dental+Gallatin/data=!4m7!3m6!1s0x88643b4659dce5a7:0x49fa5c03d1c15b27!8m2!3d36.3646633!4d-86.444304!16s%2Fg%2F11swzjx_xq!19sChIJp-XcWUY7ZIgRJ1vB0QNc-kk?authuser=0&hl=en&rclk=1"
"Dr. Elijah Brown Family & Implant Dentistry","4.9","846","Dentist","1097 Weston Dr, Mt. Juliet, TN 37122, United States","https://drelijahbrown.com/","+1 615-758-7745","https://www.google.com/maps/place/Dr.+Elijah+Brown+Family+%26+Implant+Dentistry/data=!4m7!3m6!1s0x886415c37a1f5005:0xa8a04ec6db20352!8m2!3d36.1858767!4d-86.5120108!16s%2Fg%2F1tjh02xc!19sChIJBVAfesMVZIgRUgOybewEigo?authuser=0&hl=en&rclk=1"
"Towe Dentistry & Aesthetic Center, PLLC","5.0","115","Dentist","120 Memorial Dr, Franklin, KY 42134, United States","https://www.drtowe.com/","+1 270-586-8788","https://www.google.com/maps/place/Towe+Dentistry+%26+Aesthetic+Center,+PLLC/data=!4m7!3m6!1s0x8865c82f7f5f7627:0xded60e72801db914!8m2!3d36.7003273!4d-86.574342!16s%2Fg%2F1tj80q8t!19sChIJJ3Zffy_IZYgRFLkdgHIO1t4?authuser=0&hl=en&rclk=1"
"Horizon Dental Partners","5.0","811","Dentist","614 Old TN-76, White House, TN 37188, United States","http://www.horizondentalpartners.com/","+1 615-672-9309","https://www.google.com/maps/place/Horizon+Dental+Partners/data=!4m7!3m6!1s0x88644ea592d297d9:0x317a03b1a410de10!8m2!3d36.4700851!4d-86.6719894!16s%2Fg%2F1td0bp19!19sChIJ2ZfSkqVOZIgREN4QpLEDejE?authuser=0&hl=en&rclk=1"
"Nashville Dentist Dr. Terry L. Spurlin, DDS","5.0","10","Dentist","808 Kirkwood Ave, Nashville, TN 37204, United States","https://www.musiccitydental.com/","+1 615-953-2469","https://www.google.com/maps/place/Nashville+Dentist+Dr.+Terry+L.+Spurlin,+DDS/data=!4m7!3m6!1s0x88646976ff2a159b:0x7a996f25b5037139!8m2!3d36.1215336!4d-86.7765699!16s%2Fg%2F1tlqqqq6!19sChIJmxUq_3ZpZIgROXEDtSVvmXo?authuser=0&hl=en&rclk=1"
"Aspen Dental - Nashville, TN - West","4.0","509","Dentist","6702 Charlotte Pike #106, Nashville, TN 37209, United States","https://www.aspendental.com/dentist/tn/nashville/6702-charlotte-pike-ste-106/?utm_source=googleplaces&utm_medium=lociqgoogleplaces&utm_campaign=Nashville,TN-West-NashWst_TN-2088&utm_content=listing","+1 615-354-8800","https://www.google.com/maps/place/Aspen+Dental+-+Nashville,+TN+-+West/data=!4m7!3m6!1s0x886461f59b2dd753:0xc7907331e25a579a!8m2!3d36.1368987!4d-86.8853029!16s%2Fg%2F11b620btc8!19sChIJU9ctm_VhZIgRmlda4jFzkMc?authuser=0&hl=en&rclk=1"
"Brentwood Dental Arts","4.8","233","Dentist","5505 Edmondson Pike # 201, Nashville, TN 37211, United States","http://www.brentwooddentalarts.com/","+1 615-331-0402","https://www.google.com/maps/place/Brentwood+Dental+Arts/data=!4m7!3m6!1s0x88647aab1fe2fc4f:0x6363a592445cfc36!8m2!3d36.043896!4d-86.744793!16s%2Fg%2F1tmbwvtv!19sChIJT_ziH6t6ZIgRNvxcRJKlY2M?authuser=0&hl=en&rclk=1"
"Howard Dentistry - Hendersonville Family Dentist","4.7","37","Dentist","125 Saundersville Rd Ste 112, Hendersonville, TN 37075, United States","http://www.howarddentistry.com/","+1 615-826-5533","https://www.google.com/maps/place/Howard+Dentistry+-+Hendersonville+Family+Dentist/data=!4m7!3m6!1s0x88644718c55621e7:0x3b0d6b7e956c1c65!8m2!3d36.3270597!4d-86.5879837!16s%2Fg%2F1tg6qvqh!19sChIJ5yFWxRhHZIgRZRxslX5rDTs?authuser=0&hl=en&rclk=1"
"Aspen Dental - Smyrna, TN","3.8","630","Dentist","440 Sam Ridley Pkwy W Ste 140, Smyrna, TN 37167, United States","https://www.aspendental.com/dentist/tn/smyrna/440-sam-ridley-pkwy-w-ste-140/?utm_source=googleplaces&utm_medium=lociqgoogleplaces&utm_campaign=Smyrna,TN-Smyrna_TN-1447&utm_content=listing","+1 615-768-3242","https://www.google.com/maps/place/Aspen+Dental+-+Smyrna,+TN/data=!4m7!3m6!1s0x88640c3869df853b:0x1f72bc402efd4cac!8m2!3d35.985704!4d-86.552068!16s%2Fg%2F1tdh959s!19sChIJO4XfaTgMZIgRrEz9LkC8ch8?authuser=0&hl=en&rclk=1"
"Bush Dentistry","4.9","143","Dentist","911 Meadowlark Ln, Goodlettsville, TN 37072, United States","http://www.jameslbushdds.com/","+1 615-851-6800","https://www.google.com/maps/place/Bush+Dentistry/data=!4m7!3m6!1s0x88644378e076d861:0xe68a8d9395e7ded2!8m2!3d36.2977619!4d-86.7038281!16s%2Fg%2F1tw1fklg!19sChIJYdh24HhDZIgR0t7nlZONiuY?authuser=0&hl=en&rclk=1"
"C. Sue VanBlaricum, DDS PC; Lafayette Family Dentistry","3.9","47","Dentist","412 College St, Lafayette, TN 37083, United States","http://www.lafayettefamilydentistry.com/","+1 615-666-6155","https://www.google.com/maps/place/C.+Sue+VanBlaricum,+DDS+PC;+Lafayette+Family+Dentistry/data=!4m7!3m6!1s0x8866899517207fd5:0x4bd758aa27d5bdef!8m2!3d36.520043!4d-86.030856!16s%2Fg%2F1td20_hd!19sChIJ1X8gF5WJZogR773VJ6pY10s?authuser=0&hl=en&rclk=1"
"Troy Long, DDS General & Aesthetic Dentistry","5.0","41","Dentist","212 N Castle Heights Ave A, Lebanon, TN 37087, United States","http://www.drtroylong.com/","+1 615-444-2782","https://www.google.com/maps/place/Troy+Long,+DDS+General+%26+Aesthetic+Dentistry/data=!4m7!3m6!1s0x8864202af3cc0585:0x55b036564a53196c!8m2!3d36.2143795!4d-86.3052896!16s%2Fg%2F1tf7yg5_!19sChIJhQXM8yogZIgRbBlTSlY2sFU?authuser=0&hl=en&rclk=1"
"A Harris Dental","3.0","30","Dentist","809 Hamilton Church Rd, Antioch, TN 37013, United States","http://www.theantiochdentist.com/","+1 615-942-6898","https://www.google.com/maps/place/A+Harris+Dental/data=!4m7!3m6!1s0x88646da2a4f8e267:0x9671e5220498b1ca!8m2!3d36.0648897!4d-86.630198!16s%2Fg%2F1ttpc0vs!19sChIJZ-L4pKJtZIgRyrGYBCLlcZY?authuser=0&hl=en&rclk=1"
"Pryor Family Dentistry","4.9","446","Dentist","201 Signature Pl, Lebanon, TN 37087, United States","https://www.pryorfamilydentistry.com/","+1 615-444-7999","https://www.google.com/maps/place/Pryor+Family+Dentistry/data=!4m7!3m6!1s0x886421f99d72d371:0xebbefb115f9fc4e6!8m2!3d36.2153082!4d-86.3334948!16s%2Fg%2F1wfvnct1!19sChIJcdNynfkhZIgR5sSfXxH7vus?authuser=0&hl=en&rclk=1"
"Bluegrass Dentistry","4.2","30","Dentist","623 E Main St #1, Hendersonville, TN 37075, United States","https://bluegrassdentistry.net/","+1 615-822-3115","https://www.google.com/maps/place/Bluegrass+Dentistry/data=!4m7!3m6!1s0x88643897e7fad7e9:0x9a4baef1ab4016ee!8m2!3d36.323121!4d-86.5691693!16s%2Fg%2F1th5d940!19sChIJ6df655c4ZIgR7hZAq_GuS5o?authuser=0&hl=en&rclk=1"
"Drs. John Martin & Catie Wall","5.0","7","Dentist","2020 Caldwell Dr STE 3, Goodlettsville, TN 37072, United States","","+1 615-851-9999","https://www.google.com/maps/place/Drs.+John+Martin+%26+Catie+Wall/data=!4m7!3m6!1s0x886444697797162f:0x9ee511a7bcafd85c!8m2!3d36.3306484!4d-86.6991284!16s%2Fg%2F1tgq7cxq!19sChIJLxaXd2lEZIgRXNivvKcR5Z4?authuser=0&hl=en&rclk=1"
"Warise Family Dentistry","3.9","31","Dentist","100 Mayfield Dr, Smyrna, TN 37167, United States","http://www.tosmilewithstyle.com/","+1 615-459-3366","https://www.google.com/maps/place/Warise+Family+Dentistry/data=!4m7!3m6!1s0x88640c3c94b56c77:0x8bb084664868fe70!8m2!3d35.9776554!4d-86.5112682!16s%2Fg%2F1td1kqpm!19sChIJd2y1lDwMZIgRcP5oSGaEsIs?authuser=0&hl=en&rclk=1"
"Davis - Dudley Family Dentistry P.C.","4.5","11","Dentist","3915 Clarksville Pike B, Nashville, TN 37218, United States","","+1 615-299-8700","https://www.google.com/maps/place/Davis+-+Dudley+Family+Dentistry+P.C./data=!4m7!3m6!1s0x886460bd21a7c1f1:0xe1ebc3d76f1330a1!8m2!3d36.2094157!4d-86.8399229!16s%2Fg%2F1wzt330j!19sChIJ8cGnIb1gZIgRoTATb9fD6-E?authuser=0&hl=en&rclk=1"
"Kelly Family Dentistry PLLC","4.9","15","Dentist","201 Pleasant Valley Rd, Franklin, KY 42134, United States","","+1 270-776-9245","https://www.google.com/maps/place/Kelly+Family+Dentistry+PLLC/data=!4m7!3m6!1s0x8865c828d334f319:0xc58441ad5e5991db!8m2!3d36.6980235!4d-86.5747906!16s%2Fg%2F1tdk5xxc!19sChIJGfM00yjIZYgR25FZXq1BhMU?authuser=0&hl=en&rclk=1"
"Wilson Family Dentistry /Marion N. Wilson DDS/ Rebekah W. Koon DDS","5.0","451","Dentist","102 22nd St, Old Hickory, TN 37138, United States","http://wilsonfamilydental.com/","+1 615-847-3088","https://www.google.com/maps/place/Wilson+Family+Dentistry+%2FMarion+N.+Wilson+DDS%2F+Rebekah+W.+Koon+DDS/data=!4m7!3m6!1s0x88644197f131a611:0x79ad1d673665ab21!8m2!3d36.2482783!4d-86.6418072!16s%2Fg%2F1tgh890j!19sChIJEaYx8ZdBZIgRIatlNmcdrXk?authuser=0&hl=en&rclk=1"
"Bailey Family Dentistry, PLLC - Chris Bailey, DDS","4.9","147","Dentist","102 Ervin Dr Suite A, Carthage, TN 37030, United States","http://www.baileyfamilydds.com/","+1 615-735-0600","https://www.google.com/maps/place/Bailey+Family+Dentistry,+PLLC+-+Chris+Bailey,+DDS/data=!4m7!3m6!1s0x886694bffc69b2e1:0xb72d0fb44c1da8b!8m2!3d36.2602424!4d-85.9504394!16s%2Fg%2F11b7_1w3k9!19sChIJ4bJp_L-UZogRi9rBRPvQcgs?authuser=0&hl=en&rclk=1"
"Family Dentistry","4.1","18","Dentist","776 S Main St, Ashland City, TN 37015, United States","http://www.familydentistrytn.com/","+1 615-792-4238","https://www.google.com/maps/place/Family+Dentistry/data=!4m7!3m6!1s0x8864f28106ef5727:0xca3b3fc12a846352!8m2!3d36.2673384!4d-87.0594258!16s%2Fg%2F1thgc5ng!19sChIJJ1fvBoHyZIgRUmOEKsE_O8o?authuser=0&hl=en&rclk=1"
"Nashville Family Dentist (Dr. Radu Pop)","5.0","43","Dentist","4525 Harding Pk #101, Nashville, TN 37205, United States","http://www.nashvillefamilydentist.com/","+1 615-383-7404","https://www.google.com/maps/place/Nashville+Family+Dentist+%28Dr.+Radu+Pop%29/data=!4m7!3m6!1s0x886463c4d1f504a3:0x63a7cb15b16ba992!8m2!3d36.1231219!4d-86.8490296!16s%2Fg%2F11g_gp5ln!19sChIJowT10cRjZIgRkqlrsRXLp2M?authuser=0&hl=en&rclk=1"
"Park Plaza Dentistry: Adam Veitschegger DDS","5.0","11","Dentist","2105 Park Plaza Dr, Springfield, TN 37172, United States","https://parkplazadentistry.wordpress.com/about/about/","+1 615-384-2558","https://www.google.com/maps/place/Park+Plaza+Dentistry:+Adam+Veitschegger+DDS/data=!4m7!3m6!1s0x886455db817aee3b:0x847040131805241c!8m2!3d36.4902387!4d-86.8769542!16s%2Fg%2F1td1f47m!19sChIJO-56gdtVZIgRHCQFGBNAcIQ?authuser=0&hl=en&rclk=1"
"Cedar Grove Dentistry & Orthodontics","2.3","3","Dentist","741 President Pl, Smyrna, TN 37167, United States","","+1 615-220-6990","https://www.google.com/maps/place/Cedar+Grove+Dentistry+%26+Orthodontics/data=!4m7!3m6!1s0x88640cea7d985e0b:0x56d7ab29018a718f!8m2!3d35.9776696!4d-86.5598211!16s%2Fg%2F1thxlt2y!19sChIJC16YfeoMZIgRj3GKASmr11Y?authuser=0&hl=en&rclk=1"
"Midsouth Family Dentistry: John Craig, DDS","5.0","299","Dentist","7263 Nolensville Rd # 3, Nolensville, TN 37135, United States","https://midsouthdentistry.com/","+1 615-933-8859","https://www.google.com/maps/place/Midsouth+Family+Dentistry:+John+Craig,+DDS/data=!4m7!3m6!1s0x8864770b2eb4db9b:0x9fa0838a7d7b0fa!8m2!3d35.9544202!4d-86.6709512!16s%2Fg%2F11gybl3zk3!19sChIJm9u0Lgt3ZIgR-rDXpzgI-gk?authuser=0&hl=en&rclk=1"
"Wingo Family Dentistry","5.0","7","Dentist","3353 Union Hill Rd B, Joelton, TN 37080, United States","http://www.ident.ws/template.jsp?doc=wingofamilydentistry","+1 615-876-2325","https://www.google.com/maps/place/Wingo+Family+Dentistry/data=!4m7!3m6!1s0x886459283a67be3d:0x1e6290dce9bcf0d5!8m2!3d36.3156994!4d-86.8646697!16s%2Fg%2F1tdd5_j5!19sChIJPb5nOihZZIgR1fC86dyQYh4?authuser=0&hl=en&rclk=1"
"Next Generation Dentists","3.5","14","Dental clinic","2120 Murfreesboro Pike, Nashville, TN 37217, United States","","+1 615-366-4141","https://www.google.com/maps/place/Next+Generation+Dentists/data=!4m7!3m6!1s0x88646dcd464f174b:0xb231589ae2aa34cd!8m2!3d36.0939257!4d-86.6523314!16s%2Fg%2F1td4f8rf!19sChIJSxdPRs1tZIgRzTSq4ppYMbI?authuser=0&hl=en&rclk=1"
"Raum Family Dentistry","3.3","14","Dentist","700 S Broadway, Portland, TN 37148, United States","http://raumfamilydentistry.com/","+1 615-325-4466","https://www.google.com/maps/place/Raum+Family+Dentistry/data=!4m7!3m6!1s0x8865cb6c9d6e48b5:0x6c41e481816b84b8!8m2!3d36.5694613!4d-86.511774!16s%2Fg%2F1tgdd4f_!19sChIJtUhunWzLZYgRuIRrgYHkQWw?authuser=0&hl=en&rclk=1"
"East Nashville Pediatric Dentistry","4.9","438","Pediatric dentist","1077 E Trinity Ln Suite 104, Nashville, TN 37216, United States","http://eastnashvillepediatricdentistry.com/","+1 615-669-4858","https://www.google.com/maps/place/East+Nashville+Pediatric+Dentistry/data=!4m7!3m6!1s0x886469f6f80f5361:0x8f3df3a53ac7626d!8m2!3d36.2039594!4d-86.7394765!16s%2Fg%2F11fwkdlxjr!19sChIJYVMP-PZpZIgRbWLHOqXzPY8?authuser=0&hl=en&rclk=1"
"All Star Pediatric Dentistry","5.0","63","Pediatric dentist","4825 Trousdale Dr #216, Nashville, TN 37220, United States","https://allstarpd.com/","+1 615-270-2222","https://www.google.com/maps/place/All+Star+Pediatric+Dentistry/data=!4m7!3m6!1s0x88646577cd153af9:0x4e521e7a2669e6b7!8m2!3d36.0755286!4d-86.7602958!16s%2Fg%2F11ts2x7jqz!19sChIJ-ToVzXdlZIgRt-ZpJnoeUk4?authuser=0&hl=en&rclk=1"
"Raum Family Dentistry","3.8","13","Dentist","1001 Scottsville Rd, Lafayette, TN 37083, United States","http://raumfamilydentistry.com/","+1 615-666-4865","https://www.google.com/maps/place/Raum+Family+Dentistry/data=!4m7!3m6!1s0x886689e8cbf366d5:0xf5d4c6c20b7a1321!8m2!3d36.530991!4d-86.027707!16s%2Fg%2F1tkp5qgv!19sChIJ1Wbzy-iJZogRIRN6C8LG1PU?authuser=0&hl=en&rclk=1"
"Ideal Dental Melrose","4.8","252","Dentist","2335 8th Ave S, Nashville, TN 37204, United States","https://www.myidealdental.com/melrose/","+1 615-334-5041","https://www.google.com/maps/place/Ideal+Dental+Melrose/data=!4m7!3m6!1s0x886465649affbc83:0xecbe2173fb5aad6b!8m2!3d36.1270687!4d-86.7777198!16s%2Fg%2F11rj5ylfyd!19sChIJg7z_mmRlZIgRa61a-3Mhvuw?authuser=0&hl=en&rclk=1"
"Gorham & Ammarell Dentistry","4.3","25","Dentist","124 30th Ave N, Nashville, TN 37203, United States","http://www.westendnashvilledentists.com/","+1 615-327-4914","https://www.google.com/maps/place/Gorham+%26+Ammarell+Dentistry/data=!4m7!3m6!1s0x886466b1d73fc16f:0x2b5792a8468ec02!8m2!3d36.1452026!4d-86.8150212!16s%2Fg%2F1tpllgn1!19sChIJb8E_17FmZIgRAuxohCp5tQI?authuser=0&hl=en&rclk=1"
"Nashville Aesthetic Dentistry - Dennis J. Wells, DDS","4.9","279","Cosmetic dentist","105 Powell Ct, Brentwood, TN 37027, United States","https://www.drdenniswells.com/?utm_source=GoogleMyBusiness&utm_medium=Organic&utm_campaign=Website","+1 615-338-8440","https://www.google.com/maps/place/Nashville+Aesthetic+Dentistry+-+Dennis+J.+Wells,+DDS/data=!4m7!3m6!1s0x88647b5014d124a5:0x1a44393edf1423b4!8m2!3d36.0375033!4d-86.8133688!16s%2Fg%2F1tf66682!19sChIJpSTRFFB7ZIgRtCMU3z45RBo?authuser=0&hl=en&rclk=1"
"Kiser Dentistry","5.0","25","Cosmetic dentist","210 Enon Springs Rd E, Smyrna, TN 37167, United States","http://kiserdentistry.com/","+1 888-535-4737","https://www.google.com/maps/place/Kiser+Dentistry/data=!4m7!3m6!1s0x6136f99bddef9db3:0xc87d9bd81abf9916!8m2!3d35.9744099!4d-86.5073014!16s%2Fg%2F11pvgz9tgg!19sChIJs53v3Zv5NmERFpm_Gtibfcg?authuser=0&hl=en&rclk=1"
"Dentist in Lebanon, TN","","","Dentist","727 W Main St, Lebanon, TN 37087, United States","","+1 855-235-1637","https://www.google.com/maps/place/Dentist+in+Lebanon,+TN/data=!4m7!3m6!1s0x886421d974060441:0xf20e4466dd1ead37!8m2!3d36.2107588!4d-86.3100822!16s%2Fg%2F11hy_y3wcn!19sChIJQQQGdNkhZIgRN60e3WZEDvI?authuser=0&hl=en&rclk=1"
"Dentist in Hermitage","5.0","1","Dentist","3441 Lebanon Pike, Hermitage, TN 37076, United States","","+1 615-883-4600","https://www.google.com/maps/place/Dentist+in+Hermitage/data=!4m7!3m6!1s0x88646a5eae6a6119:0x2177e13f59d36888!8m2!3d36.188982!4d-86.6252947!16s%2Fg%2F11h5q8cqvd!19sChIJGWFqrl5qZIgRiGjTWT_hdyE?authuser=0&hl=en&rclk=1"
"Ray and Schneider Family Dentistry","3.7","61","Dentist","776 S Main St, Ashland City, TN 37015, United States","http://www.familydentistrytn.com/","+1 615-792-4238","https://www.google.com/maps/place/Ray+and+Schneider+Family+Dentistry/data=!4m7!3m6!1s0x8864f28106ef5727:0xb49f08efc7d40f64!8m2!3d36.2673573!4d-87.0594449!16s%2Fg%2F1tjdgyjd!19sChIJJ1fvBoHyZIgRZA_Ux-8In7Q?authuser=0&hl=en&rclk=1"
"Haley E. Schmitt, DDS: Cosmetic and Family Dentistry","5.0","77","Dentist","5120 Virginia Way Suite B-12, Brentwood, TN 37027, United States","https://www.haleyeschmittdds.com/?utm_source=local&utm_medium=organic&utm_campaign=gbp_home","+1 615-373-0883","https://www.google.com/maps/place/Haley+E.+Schmitt,+DDS:+Cosmetic+and+Family+Dentistry/data=!4m7!3m6!1s0x88647b470fc6ded5:0x5b5e1dcad95dd726!8m2!3d36.032547!4d-86.8039012!16s%2Fg%2F1tg825y6!19sChIJ1d7GD0d7ZIgRJtdd2codXls?authuser=0&hl=en&rclk=1"
"Cumberland Pediatric Dentistry & Orthodontics of Smyrna","4.4","678","Pediatric dentist","1540 Rock Springs Rd, Smyrna, TN 37167, United States","https://cpdosmyrna.com/?utm_source=ExtNet&utm_medium=organic&utm_campaign=Yext","+1 615-220-6161","https://www.google.com/maps/place/Cumberland+Pediatric+Dentistry+%26+Orthodontics+of+Smyrna/data=!4m7!3m6!1s0x88640c3869df853b:0x1f1e5efc892f2e24!8m2!3d35.9771884!4d-86.5567159!16s%2Fg%2F1tgjm09m!19sChIJO4XfaTgMZIgRJC4vifxeHh8?authuser=0&hl=en&rclk=1"
"Artistic Dentistry","","","Dentist","296 White Bridge Pike, Nashville, TN 37209, United States","","+1 615-352-9595","https://www.google.com/maps/place/Artistic+Dentistry/data=!4m7!3m6!1s0x88646179f322fd09:0x87e6358c3653ae11!8m2!3d36.1447788!4d-86.8576315!16s%2Fg%2F1tgfqv_8!19sChIJCf0i83lhZIgREa5TNow15oc?authuser=0&hl=en&rclk=1"
"Up Pediatric Dentistry","5.0","96","Pediatric dentist","2829 Columbine Pl, Nashville, TN 37204, United States","http://upkidsdentist.com/","+1 615-440-5188","https://www.google.com/maps/place/Up+Pediatric+Dentistry/data=!4m7!3m6!1s0x8864656f9835af85:0xd68e8228d18af228!8m2!3d36.1134544!4d-86.7659624!16s%2Fg%2F11jq0pc3_j!19sChIJha81mG9lZIgRKPKK0SiCjtY?authuser=0&hl=en&rclk=1"
"Brentwood Pediatric Dentistry of Cool Springs","4.8","613","Pediatric dentist","95 Seaboard Ln Ste 102, Brentwood, TN 37027, United States","https://brentwoodpediatricdentistry.com/contact/","+1 615-377-3080","https://www.google.com/maps/place/Brentwood+Pediatric+Dentistry+of+Cool+Springs/data=!4m7!3m6!1s0x88647bfec9b61cdd:0xe1ce5633caf2a0a1!8m2!3d35.965181!4d-86.818483!16s%2Fg%2F1tnplr5g!19sChIJ3Ry2yf57ZIgRoaDyyjNWzuE?authuser=0&hl=en&rclk=1"
"Dentist","5.0","2","Dentist","TN-76, White House, TN 37188, United States","","","https://www.google.com/maps/place/Dentist/data=!4m7!3m6!1s0x88644ea46a162f97:0x44af34deda1d847f!8m2!3d36.4697722!4d-86.6750353!16s%2Fg%2F11h7fy48kt!19sChIJly8WaqROZIgRf4Qd2t40r0Q?authuser=0&hl=en&rclk=1"
"Middle Tennessee Pediatric Dentistry","4.9","68","Pediatric dentist","40 W Caldwell St #202, Mt. Juliet, TN 37122, United States","http://www.midtennpd.com/","+1 615-758-7511","https://www.google.com/maps/place/Middle+Tennessee+Pediatric+Dentistry/data=!4m7!3m6!1s0x886415f2bc62fed3:0x77f027a507a79619!8m2!3d36.2029678!4d-86.518835!16s%2Fg%2F1tc_lwlk!19sChIJ0_5ivPIVZIgRGZanB6Un8Hc?authuser=0&hl=en&rclk=1"
"Ray & Schneider Family Dentistry","3.7","3","Dentist","776 S Main St, Ashland City, TN 37015, United States","http://www.familydentistrytn.com/","+1 615-792-4238","https://www.google.com/maps/place/Ray+%26+Schneider+Family+Dentistry/data=!4m7!3m6!1s0x8864f28106ef5727:0xedc4f7436b26ca05!8m2!3d36.2673608!4d-87.0594433!16s%2Fg%2F1tdwqv75!19sChIJJ1fvBoHyZIgRBcoma0P3xO0?authuser=0&hl=en&rclk=1"
"Foster Robert D DDS","5.0","3","Dentist","2145 Belcourt Ave, Nashville, TN 37212, United States","","+1 615-297-9115","https://www.google.com/maps/place/Foster+Robert+D+DDS/data=!4m7!3m6!1s0x886466a1073bf59d:0x10ce48d830ea35d!8m2!3d36.1367294!4d-86.8047014!16s%2Fg%2F1tdqj6dj!19sChIJnfU7B6FmZIgRXaMOg43kDAE?authuser=0&hl=en&rclk=1"
"First Impressions Pediatric Dentistry","5.0","371","Pediatric dentist","7180 Nolensville Rd Ste 1D, Nolensville, TN 37135, United States","http://www.firstimpressionskids.com/","+1 615-283-0086","https://www.google.com/maps/place/First+Impressions+Pediatric+Dentistry/data=!4m7!3m6!1s0x8864717c338f6145:0xf0c2ea7aa0fae601!8m2!3d35.9667907!4d-86.6755685!16s%2Fg%2F11hfxfqb06!19sChIJRWGPM3xxZIgRAeb6oHrqwvA?authuser=0&hl=en&rclk=1"
"McNutt Pediatric Dentistry: Timothy E McNutt, Sr, DDS","5.0","370","Dentist","3817 Bedford Ave STE 120, Nashville, TN 37215, United States","https://mcnuttdentistry.com/","+1 615-383-0171","https://www.google.com/maps/place/McNutt+Pediatric+Dentistry:+Timothy+E+McNutt,+Sr,+DDS/data=!4m7!3m6!1s0x88646475c7507285:0xa31313022e487d76!8m2!3d36.1084038!4d-86.8205444!16s%2Fg%2F1tj4hsn9!19sChIJhXJQx3VkZIgRdn1ILgITE6M?authuser=0&hl=en&rclk=1"
"Dentist","1.0","1","Dentist","Nashville, TN 37211, United States","","","https://www.google.com/maps/place/Dentist/data=!4m7!3m6!1s0x88646f6a0027a28f:0x13bd503e05c9a232!8m2!3d36.1098601!4d-86.7265439!16s%2Fg%2F11flc17bbs!19sChIJj6InAGpvZIgRMqLJBT5QvRM?authuser=0&hl=en&rclk=1"
"Pearl Pediatric Dentistry and Orthodontics","5.0","140","Pediatric dentist","820 N Mt Juliet Rd Suite 100, Mt. Juliet, TN 37122, United States","http://www.pearlpdo.com/","+1 615-301-8660","https://www.google.com/maps/place/Pearl+Pediatric+Dentistry+and+Orthodontics/data=!4m7!3m6!1s0x8864150e775c621b:0xfafb747efb7e510a!8m2!3d36.1829394!4d-86.5121996!16s%2Fg%2F11k4v44gwf!19sChIJG2Jcdw4VZIgRClF--350-_o?authuser=0&hl=en&rclk=1"
"Cumberland Pediatric Dentistry & Orthodontics of White House","4.8","757","Pediatric dentist","520 TN-76 #9, White House, TN 37188, United States","https://cpdowhitehouse.com/?utm_source=ExtNet&utm_medium=organic&utm_campaign=Yext","+1 615-672-7221","https://www.google.com/maps/place/Cumberland+Pediatric+Dentistry+%26+Orthodontics+of+White+House/data=!4m7!3m6!1s0x88644eaec8c9eaf7:0x9a827f4d48ca00b0!8m2!3d36.4704447!4d-86.667146!16s%2Fg%2F1hhgt0xkf!19sChIJ9-rJyK5OZIgRsADKSE1_gpo?authuser=0&hl=en&rclk=1"
"Tennessee Family Dental (Brentwood)","4.7","532","Dentist","6716 Nolensville Pk #120, Brentwood, TN 37027, United States","https://tnfamilydental.com/locations/brentwood/","+1 615-331-5977","https://www.google.com/maps/place/Tennessee+Family+Dental+%28Brentwood%29/data=!4m7!3m6!1s0x88647aaa02e4094d:0x581c4303cc2c0c6d!8m2!3d35.998201!4d-86.6895628!16s%2Fg%2F11r9536q3!19sChIJTQnkAqp6ZIgRbQwszANDHFg?authuser=0&hl=en&rclk=1"
"the family dentist place","5.0","1","Dentist","1005 Dr DB Todd Jr Blvd, Nashville, TN 37208, United States","","+1 615-327-6155","https://www.google.com/maps/place/the+family+dentist+place/data=!4m7!3m6!1s0x886466dcb65c36b9:0xd531409bda640a6a!8m2!3d36.1670761!4d-86.8069451!16s%2Fg%2F11g7z9v33k!19sChIJuTZcttxmZIgRagpk2ptAMdU?authuser=0&hl=en&rclk=1"